276d5cba-09ab-11f0-ab24-d843ae175d85|ec61q4kc@gmail.com|908230912839083
276d6299-09ab-11f0-ab24-d843ae175d85|ta3pubew@example.com|908230912839083
276d62fa-09ab-11f0-ab24-d843ae175d85|93jtbe39@outlook.com|908230912839083
276d6356-09ab-11f0-ab24-d843ae175d85|80am81rk@example.com|908230912839083
276d63ab-09ab-11f0-ab24-d843ae175d85|z8lc91cg@gmail.com|908230912839083
276d6403-09ab-11f0-ab24-d843ae175d85|jypbj7fk@gmail.com|908230912839083
276d645d-09ab-11f0-ab24-d843ae175d85|8hun47xc@outlook.com|908230912839083
276d64c2-09ab-11f0-ab24-d843ae175d85|fpzxljlg@example.com|908230912839083
276d6563-09ab-11f0-ab24-d843ae175d85|l4okkns4@example.com|908230912839083
276d6688-09ab-11f0-ab24-d843ae175d85|xd96pt3x@gmail.com|908230912839083
276d673d-09ab-11f0-ab24-d843ae175d85|6o6pd58b@outlook.com|908230912839083
276d67c2-09ab-11f0-ab24-d843ae175d85|qbvjvr1u@outlook.com|908230912839083
276d6840-09ab-11f0-ab24-d843ae175d85|ztqz29dy@gmail.com|908230912839083
276d68c8-09ab-11f0-ab24-d843ae175d85|byhhxet5@outlook.com|908230912839083
276d6956-09ab-11f0-ab24-d843ae175d85|w10ql42o@outlook.com|908230912839083
276d69df-09ab-11f0-ab24-d843ae175d85|s07fvh3i@example.com|908230912839083
276d6a70-09ab-11f0-ab24-d843ae175d85|1ubdawtl@gmail.com|908230912839083
276d6b04-09ab-11f0-ab24-d843ae175d85|ocvob62s@gmail.com|908230912839083
276d6b90-09ab-11f0-ab24-d843ae175d85|r67mypju@example.com|908230912839083
276d6c16-09ab-11f0-ab24-d843ae175d85|9sq0g4uv@outlook.com|908230912839083
276d6ca3-09ab-11f0-ab24-d843ae175d85|kwqyit26@gmail.com|908230912839083
276d6d35-09ab-11f0-ab24-d843ae175d85|0ihr9s5j@example.com|908230912839083
276d6dbe-09ab-11f0-ab24-d843ae175d85|4ape2hl8@outlook.com|908230912839083
276d6e51-09ab-11f0-ab24-d843ae175d85|agv3voia@gmail.com|908230912839083
276d6edf-09ab-11f0-ab24-d843ae175d85|6iydil6x@gmail.com|908230912839083
276d6f6d-09ab-11f0-ab24-d843ae175d85|uhf0mjly@gmail.com|908230912839083
276d7001-09ab-11f0-ab24-d843ae175d85|1e47t3f2@example.com|908230912839083
276d7093-09ab-11f0-ab24-d843ae175d85|dylm0sxp@gmail.com|908230912839083
276d711c-09ab-11f0-ab24-d843ae175d85|k2uv1ke1@example.com|908230912839083
276d71b9-09ab-11f0-ab24-d843ae175d85|7ajuu39w@gmail.com|908230912839083
276d724f-09ab-11f0-ab24-d843ae175d85|q6mjgzuz@gmail.com|908230912839083
276d72e1-09ab-11f0-ab24-d843ae175d85|efixz32t@example.com|908230912839083
276d7373-09ab-11f0-ab24-d843ae175d85|3exp0m3n@example.com|908230912839083
276d73f8-09ab-11f0-ab24-d843ae175d85|rehwxeo3@gmail.com|908230912839083
276d748b-09ab-11f0-ab24-d843ae175d85|ukq1czp7@example.com|908230912839083
276d751a-09ab-11f0-ab24-d843ae175d85|lwj36w5h@outlook.com|908230912839083
276d75f6-09ab-11f0-ab24-d843ae175d85|4wd7qc01@example.com|908230912839083
276d7690-09ab-11f0-ab24-d843ae175d85|j6a7xbbc@gmail.com|908230912839083
276d7723-09ab-11f0-ab24-d843ae175d85|hcfttwo7@gmail.com|908230912839083
276d77d9-09ab-11f0-ab24-d843ae175d85|tq1k5622@example.com|908230912839083
276d787c-09ab-11f0-ab24-d843ae175d85|okm7wwyn@gmail.com|908230912839083
276d78f8-09ab-11f0-ab24-d843ae175d85|rlit97di@gmail.com|908230912839083
276d7972-09ab-11f0-ab24-d843ae175d85|vpvgd1km@gmail.com|908230912839083
276d7a07-09ab-11f0-ab24-d843ae175d85|i9q4muqv@outlook.com|908230912839083
276d7a81-09ab-11f0-ab24-d843ae175d85|f5mzm5fs@gmail.com|908230912839083
276d7afc-09ab-11f0-ab24-d843ae175d85|35sdde4a@gmail.com|908230912839083
276d7b7a-09ab-11f0-ab24-d843ae175d85|igt9bj5x@outlook.com|908230912839083
276d7c31-09ab-11f0-ab24-d843ae175d85|axj9m62i@gmail.com|908230912839083
276d7cdb-09ab-11f0-ab24-d843ae175d85|kjr7orve@outlook.com|908230912839083
276d7d84-09ab-11f0-ab24-d843ae175d85|x5e9dau7@gmail.com|908230912839083
276d7e2c-09ab-11f0-ab24-d843ae175d85|ovy7zicd@gmail.com|908230912839083
276d7ec7-09ab-11f0-ab24-d843ae175d85|hioxm8a7@example.com|908230912839083
276d7f62-09ab-11f0-ab24-d843ae175d85|0jb120hj@gmail.com|908230912839083
276d802a-09ab-11f0-ab24-d843ae175d85|a2gzq3u0@example.com|908230912839083
276d80d3-09ab-11f0-ab24-d843ae175d85|0hcexmpn@outlook.com|908230912839083
276d819a-09ab-11f0-ab24-d843ae175d85|msrekvt5@gmail.com|908230912839083
276d8246-09ab-11f0-ab24-d843ae175d85|72gmrrs6@outlook.com|908230912839083
276d835c-09ab-11f0-ab24-d843ae175d85|tdkxlfns@example.com|908230912839083
276d840b-09ab-11f0-ab24-d843ae175d85|x5e3cyng@gmail.com|908230912839083
276d84ac-09ab-11f0-ab24-d843ae175d85|su6ent4p@outlook.com|908230912839083
276d8554-09ab-11f0-ab24-d843ae175d85|evs6jhag@gmail.com|908230912839083
276d85b9-09ab-11f0-ab24-d843ae175d85|o7i94je2@example.com|908230912839083
276d8612-09ab-11f0-ab24-d843ae175d85|e3r4de1h@outlook.com|908230912839083
276d8666-09ab-11f0-ab24-d843ae175d85|0jkj5mls@gmail.com|908230912839083
276d86ba-09ab-11f0-ab24-d843ae175d85|uk1of6jv@gmail.com|908230912839083
276d8710-09ab-11f0-ab24-d843ae175d85|xj9k5v4w@outlook.com|908230912839083
276d8765-09ab-11f0-ab24-d843ae175d85|djxnslxq@example.com|908230912839083
276d87ba-09ab-11f0-ab24-d843ae175d85|u2cnysbq@gmail.com|908230912839083
276d8813-09ab-11f0-ab24-d843ae175d85|otcq2grq@outlook.com|908230912839083
276d88d0-09ab-11f0-ab24-d843ae175d85|nukyh9yr@gmail.com|908230912839083
276d8972-09ab-11f0-ab24-d843ae175d85|3da05hsz@example.com|908230912839083
276d8a0f-09ab-11f0-ab24-d843ae175d85|tqlvzwjp@gmail.com|908230912839083
276d8ab8-09ab-11f0-ab24-d843ae175d85|5mdogbxz@example.com|908230912839083
276d8b80-09ab-11f0-ab24-d843ae175d85|g3dt4cvp@example.com|908230912839083
276d8c25-09ab-11f0-ab24-d843ae175d85|lgp30704@gmail.com|908230912839083
276d8cb3-09ab-11f0-ab24-d843ae175d85|hfed51ih@gmail.com|908230912839083
276d8d41-09ab-11f0-ab24-d843ae175d85|c1oisvxk@outlook.com|908230912839083
276d8dc0-09ab-11f0-ab24-d843ae175d85|lyrh7muo@example.com|908230912839083
276d8e60-09ab-11f0-ab24-d843ae175d85|wtwgj9f3@gmail.com|908230912839083
276d8ee5-09ab-11f0-ab24-d843ae175d85|0wlfnpt5@gmail.com|908230912839083
276d8fa9-09ab-11f0-ab24-d843ae175d85|4ilgsu4f@example.com|908230912839083
276d9186-09ab-11f0-ab24-d843ae175d85|js6magiz@outlook.com|908230912839083
276d936d-09ab-11f0-ab24-d843ae175d85|jzzw94fg@outlook.com|908230912839083
276d958b-09ab-11f0-ab24-d843ae175d85|yk5konqo@outlook.com|908230912839083
276d9777-09ab-11f0-ab24-d843ae175d85|9mgxlgzl@example.com|908230912839083
276d9921-09ab-11f0-ab24-d843ae175d85|cw5naoac@gmail.com|908230912839083
276d9a92-09ab-11f0-ab24-d843ae175d85|gedg3jjl@gmail.com|908230912839083
276d9d5f-09ab-11f0-ab24-d843ae175d85|7pyggqb9@example.com|908230912839083
276d9ee5-09ab-11f0-ab24-d843ae175d85|e1komez8@gmail.com|908230912839083
276da01e-09ab-11f0-ab24-d843ae175d85|4p6gcmgo@outlook.com|908230912839083
276da137-09ab-11f0-ab24-d843ae175d85|7cuhifa6@outlook.com|908230912839083
276da271-09ab-11f0-ab24-d843ae175d85|wfkfugb7@gmail.com|908230912839083
276da39a-09ab-11f0-ab24-d843ae175d85|mby5ulla@gmail.com|908230912839083
276da4a2-09ab-11f0-ab24-d843ae175d85|db8b60op@gmail.com|908230912839083
276da57c-09ab-11f0-ab24-d843ae175d85|nloejveo@example.com|908230912839083
276da673-09ab-11f0-ab24-d843ae175d85|gzz48s80@gmail.com|908230912839083
276da781-09ab-11f0-ab24-d843ae175d85|4ysmu9cw@example.com|908230912839083
276da88b-09ab-11f0-ab24-d843ae175d85|07s57mu5@outlook.com|908230912839083
276da97e-09ab-11f0-ab24-d843ae175d85|toy981ml@example.com|908230912839083
276daa7f-09ab-11f0-ab24-d843ae175d85|l998oy1d@gmail.com|908230912839083
276dab66-09ab-11f0-ab24-d843ae175d85|ywffnvuj@outlook.com|908230912839083
276daccb-09ab-11f0-ab24-d843ae175d85|hcqwec4o@outlook.com|908230912839083
276dadbe-09ab-11f0-ab24-d843ae175d85|zjmr0nml@gmail.com|908230912839083
276dae9a-09ab-11f0-ab24-d843ae175d85|tz0jbndr@outlook.com|908230912839083
276daf7c-09ab-11f0-ab24-d843ae175d85|v6mm7lzf@example.com|908230912839083
276db063-09ab-11f0-ab24-d843ae175d85|2mcraepw@example.com|908230912839083
276db133-09ab-11f0-ab24-d843ae175d85|zjud5o9i@outlook.com|908230912839083
276db273-09ab-11f0-ab24-d843ae175d85|32bkzkw8@outlook.com|908230912839083
276db35e-09ab-11f0-ab24-d843ae175d85|wgnl3oyv@gmail.com|908230912839083
276db45a-09ab-11f0-ab24-d843ae175d85|8ga33uw4@outlook.com|908230912839083
276db539-09ab-11f0-ab24-d843ae175d85|eybeyckp@example.com|908230912839083
276db637-09ab-11f0-ab24-d843ae175d85|iufizh0x@gmail.com|908230912839083
276db714-09ab-11f0-ab24-d843ae175d85|oqga9gd5@gmail.com|908230912839083
276db8ac-09ab-11f0-ab24-d843ae175d85|3nt140ye@outlook.com|908230912839083
276db981-09ab-11f0-ab24-d843ae175d85|bhlr6mvk@gmail.com|908230912839083
276dba87-09ab-11f0-ab24-d843ae175d85|g79iynki@outlook.com|908230912839083
276dbb5d-09ab-11f0-ab24-d843ae175d85|w4q3xujq@gmail.com|908230912839083
276dbc62-09ab-11f0-ab24-d843ae175d85|2miw9tzj@outlook.com|908230912839083
276dbd49-09ab-11f0-ab24-d843ae175d85|m8m3vwit@gmail.com|908230912839083
276dbe36-09ab-11f0-ab24-d843ae175d85|x9f621bg@outlook.com|908230912839083
276dbefb-09ab-11f0-ab24-d843ae175d85|34g5lxkk@example.com|908230912839083
276dbfe1-09ab-11f0-ab24-d843ae175d85|vo76jjaf@example.com|908230912839083
276dc09d-09ab-11f0-ab24-d843ae175d85|1dhaj08w@gmail.com|908230912839083
276dc166-09ab-11f0-ab24-d843ae175d85|k17mzu3e@outlook.com|908230912839083
276dc223-09ab-11f0-ab24-d843ae175d85|ruxtucfr@outlook.com|908230912839083
276dc2e3-09ab-11f0-ab24-d843ae175d85|15puayis@outlook.com|908230912839083
276dc3a5-09ab-11f0-ab24-d843ae175d85|f926vxnw@outlook.com|908230912839083
276dc45c-09ab-11f0-ab24-d843ae175d85|tsgdhcu0@gmail.com|908230912839083
276dc511-09ab-11f0-ab24-d843ae175d85|jcimpeyz@gmail.com|908230912839083
276dc5f9-09ab-11f0-ab24-d843ae175d85|d2wwi06o@outlook.com|908230912839083
276dc6be-09ab-11f0-ab24-d843ae175d85|m4by9yn2@example.com|908230912839083
276dc77b-09ab-11f0-ab24-d843ae175d85|ysrotm2p@outlook.com|908230912839083
276dc83e-09ab-11f0-ab24-d843ae175d85|vvbj9iz1@outlook.com|908230912839083
276dc8f4-09ab-11f0-ab24-d843ae175d85|senlsd6k@gmail.com|908230912839083
276dc9c2-09ab-11f0-ab24-d843ae175d85|oks3kyiz@gmail.com|908230912839083
276dca90-09ab-11f0-ab24-d843ae175d85|27cuam12@gmail.com|908230912839083
276dcb62-09ab-11f0-ab24-d843ae175d85|tsc0xscn@gmail.com|908230912839083
276dcc0b-09ab-11f0-ab24-d843ae175d85|6mmfxhhw@outlook.com|908230912839083
276dcccd-09ab-11f0-ab24-d843ae175d85|6oqou0p2@outlook.com|908230912839083
276dcda6-09ab-11f0-ab24-d843ae175d85|daaxanr4@gmail.com|908230912839083
276dce68-09ab-11f0-ab24-d843ae175d85|49d1q4y2@gmail.com|908230912839083
276dcf33-09ab-11f0-ab24-d843ae175d85|dyqx25z2@example.com|908230912839083
276dd001-09ab-11f0-ab24-d843ae175d85|8rcf075n@gmail.com|908230912839083
276dd0a0-09ab-11f0-ab24-d843ae175d85|muk9nhbt@gmail.com|908230912839083
276dd160-09ab-11f0-ab24-d843ae175d85|x9004eee@example.com|908230912839083
276dd227-09ab-11f0-ab24-d843ae175d85|xwap873m@example.com|908230912839083
276dd2ca-09ab-11f0-ab24-d843ae175d85|43wt0o5t@gmail.com|908230912839083
276dd368-09ab-11f0-ab24-d843ae175d85|5ir3kv3c@outlook.com|908230912839083
276dd405-09ab-11f0-ab24-d843ae175d85|ce02f8nv@example.com|908230912839083
276dd4c8-09ab-11f0-ab24-d843ae175d85|vq5ubvah@example.com|908230912839083
276dd576-09ab-11f0-ab24-d843ae175d85|r1rrzew2@outlook.com|908230912839083
276dd622-09ab-11f0-ab24-d843ae175d85|xac8iwxl@gmail.com|908230912839083
276dd6e3-09ab-11f0-ab24-d843ae175d85|vae75usq@outlook.com|908230912839083
276dd7c2-09ab-11f0-ab24-d843ae175d85|wdj092oo@outlook.com|908230912839083
276dd867-09ab-11f0-ab24-d843ae175d85|d6jede7t@example.com|908230912839083
276dd909-09ab-11f0-ab24-d843ae175d85|w1auloyh@gmail.com|908230912839083
276dd99f-09ab-11f0-ab24-d843ae175d85|g5rzlffj@outlook.com|908230912839083
276dda5a-09ab-11f0-ab24-d843ae175d85|6w5llp8c@outlook.com|908230912839083
276ddb0e-09ab-11f0-ab24-d843ae175d85|olayguay@gmail.com|908230912839083
276ddbe0-09ab-11f0-ab24-d843ae175d85|pos6ekww@gmail.com|908230912839083
276ddcac-09ab-11f0-ab24-d843ae175d85|v6ds7jqj@example.com|908230912839083
276ddd6e-09ab-11f0-ab24-d843ae175d85|1b6g8ko2@gmail.com|908230912839083
276dde32-09ab-11f0-ab24-d843ae175d85|gv01kvzm@outlook.com|908230912839083
276ddeec-09ab-11f0-ab24-d843ae175d85|6dop8pwi@outlook.com|908230912839083
276ddf90-09ab-11f0-ab24-d843ae175d85|j535mb8z@gmail.com|908230912839083
276de04f-09ab-11f0-ab24-d843ae175d85|fuoxj7d4@outlook.com|908230912839083
276de117-09ab-11f0-ab24-d843ae175d85|e8kji8nb@gmail.com|908230912839083
276de1e0-09ab-11f0-ab24-d843ae175d85|fz0731d4@example.com|908230912839083
276de28f-09ab-11f0-ab24-d843ae175d85|glx3jijv@example.com|908230912839083
276de37c-09ab-11f0-ab24-d843ae175d85|7e9jnmn5@outlook.com|908230912839083
276de463-09ab-11f0-ab24-d843ae175d85|pg97pil0@gmail.com|908230912839083
276de51c-09ab-11f0-ab24-d843ae175d85|5nxqjamy@example.com|908230912839083
276de5e6-09ab-11f0-ab24-d843ae175d85|8v1iogyy@example.com|908230912839083
276de6e4-09ab-11f0-ab24-d843ae175d85|3kqby9fj@outlook.com|908230912839083
276de738-09ab-11f0-ab24-d843ae175d85|ouijzoo5@gmail.com|908230912839083
276de787-09ab-11f0-ab24-d843ae175d85|5ucgeesi@example.com|908230912839083
276de7dc-09ab-11f0-ab24-d843ae175d85|q6w99qns@gmail.com|908230912839083
276de836-09ab-11f0-ab24-d843ae175d85|tqdtlkfo@example.com|908230912839083
276de883-09ab-11f0-ab24-d843ae175d85|5cjwmc7r@example.com|908230912839083
276de8d1-09ab-11f0-ab24-d843ae175d85|nv7o5zzg@outlook.com|908230912839083
276de92d-09ab-11f0-ab24-d843ae175d85|lhskzju2@gmail.com|908230912839083
276de97d-09ab-11f0-ab24-d843ae175d85|gnvee9h9@example.com|908230912839083
276de9d1-09ab-11f0-ab24-d843ae175d85|ycwrj8yj@outlook.com|908230912839083
276dea20-09ab-11f0-ab24-d843ae175d85|wmfugtu9@example.com|908230912839083
276dea70-09ab-11f0-ab24-d843ae175d85|a9ohyid6@gmail.com|908230912839083
276deac3-09ab-11f0-ab24-d843ae175d85|zbscm3m4@example.com|908230912839083
276deb17-09ab-11f0-ab24-d843ae175d85|2v2kc924@outlook.com|908230912839083
276deb74-09ab-11f0-ab24-d843ae175d85|q0jysevd@example.com|908230912839083
276debcc-09ab-11f0-ab24-d843ae175d85|26w0xoya@example.com|908230912839083
276dec19-09ab-11f0-ab24-d843ae175d85|3mpjyuyw@example.com|908230912839083
276dec66-09ab-11f0-ab24-d843ae175d85|k6gg9sw5@example.com|908230912839083
276decd2-09ab-11f0-ab24-d843ae175d85|6nskcejn@outlook.com|908230912839083
276ded26-09ab-11f0-ab24-d843ae175d85|m99uybim@gmail.com|908230912839083
276ded7b-09ab-11f0-ab24-d843ae175d85|bo5cqslv@gmail.com|908230912839083
276dedca-09ab-11f0-ab24-d843ae175d85|g99rp67t@gmail.com|908230912839083
276dee15-09ab-11f0-ab24-d843ae175d85|5jjzxvk8@example.com|908230912839083
276dee71-09ab-11f0-ab24-d843ae175d85|0e2u02ds@gmail.com|908230912839083
276deecd-09ab-11f0-ab24-d843ae175d85|2o8lq9y3@outlook.com|908230912839083
276def20-09ab-11f0-ab24-d843ae175d85|kq671hjg@example.com|908230912839083
276def6d-09ab-11f0-ab24-d843ae175d85|gmhncr9q@example.com|908230912839083
276defb6-09ab-11f0-ab24-d843ae175d85|nlkq033y@gmail.com|908230912839083
276df006-09ab-11f0-ab24-d843ae175d85|8dybwzrw@gmail.com|908230912839083
276df052-09ab-11f0-ab24-d843ae175d85|431rioeu@outlook.com|908230912839083
276df09b-09ab-11f0-ab24-d843ae175d85|c27jx0q1@gmail.com|908230912839083
276df0ed-09ab-11f0-ab24-d843ae175d85|1tgt2jaz@example.com|908230912839083
276df13d-09ab-11f0-ab24-d843ae175d85|ukjzdxw8@example.com|908230912839083
276df18a-09ab-11f0-ab24-d843ae175d85|cel7uyc8@outlook.com|908230912839083
276df1d0-09ab-11f0-ab24-d843ae175d85|nlxkxjk8@outlook.com|908230912839083
276df21e-09ab-11f0-ab24-d843ae175d85|4zofpb2e@outlook.com|908230912839083
276df275-09ab-11f0-ab24-d843ae175d85|ghv4x40v@example.com|908230912839083
276df2be-09ab-11f0-ab24-d843ae175d85|7duaruw0@example.com|908230912839083
276df30b-09ab-11f0-ab24-d843ae175d85|ougzcu3l@outlook.com|908230912839083
276df355-09ab-11f0-ab24-d843ae175d85|1mwwo39c@outlook.com|908230912839083
276df3a3-09ab-11f0-ab24-d843ae175d85|c5odzma7@example.com|908230912839083
276df3f2-09ab-11f0-ab24-d843ae175d85|63qmuw3h@outlook.com|908230912839083
276df440-09ab-11f0-ab24-d843ae175d85|hialnyqz@gmail.com|908230912839083
276df48f-09ab-11f0-ab24-d843ae175d85|xirczhj7@example.com|908230912839083
276df4e2-09ab-11f0-ab24-d843ae175d85|ruprmr49@outlook.com|908230912839083
276df530-09ab-11f0-ab24-d843ae175d85|ym3i8lcu@outlook.com|908230912839083
276df582-09ab-11f0-ab24-d843ae175d85|yht5yby0@example.com|908230912839083
276df5cb-09ab-11f0-ab24-d843ae175d85|51rx3ssb@outlook.com|908230912839083
276df613-09ab-11f0-ab24-d843ae175d85|guq9dj1u@outlook.com|908230912839083
276df667-09ab-11f0-ab24-d843ae175d85|lcl8iz5h@example.com|908230912839083
276df6cd-09ab-11f0-ab24-d843ae175d85|yrimj12u@example.com|908230912839083
276df72b-09ab-11f0-ab24-d843ae175d85|gjnh6oa8@gmail.com|908230912839083
276df77b-09ab-11f0-ab24-d843ae175d85|blrv0i2g@example.com|908230912839083
276df7eb-09ab-11f0-ab24-d843ae175d85|6hslvfck@outlook.com|908230912839083
276df840-09ab-11f0-ab24-d843ae175d85|8sbq5234@outlook.com|908230912839083
276df893-09ab-11f0-ab24-d843ae175d85|2bjhxpkm@example.com|908230912839083
276df8ee-09ab-11f0-ab24-d843ae175d85|pavd5x63@gmail.com|908230912839083
276df93f-09ab-11f0-ab24-d843ae175d85|58fu2vd6@example.com|908230912839083
276df98d-09ab-11f0-ab24-d843ae175d85|k2f1c5mb@gmail.com|908230912839083
276df9dd-09ab-11f0-ab24-d843ae175d85|aaasmszt@outlook.com|908230912839083
276dfa33-09ab-11f0-ab24-d843ae175d85|rgr7x29v@example.com|908230912839083
276dfa85-09ab-11f0-ab24-d843ae175d85|7cx5wjsi@example.com|908230912839083
276dfad8-09ab-11f0-ab24-d843ae175d85|nei94a61@example.com|908230912839083
276dfb27-09ab-11f0-ab24-d843ae175d85|jlnq8adt@outlook.com|908230912839083
276dfb7f-09ab-11f0-ab24-d843ae175d85|4eicnm4k@gmail.com|908230912839083
276dfbcd-09ab-11f0-ab24-d843ae175d85|w8dn7884@example.com|908230912839083
276dfc20-09ab-11f0-ab24-d843ae175d85|4kmg380o@gmail.com|908230912839083
276dfc70-09ab-11f0-ab24-d843ae175d85|jkb21h4y@example.com|908230912839083
276dfcc0-09ab-11f0-ab24-d843ae175d85|i0tak8mm@outlook.com|908230912839083
276dfd19-09ab-11f0-ab24-d843ae175d85|mm4w8w57@gmail.com|908230912839083
276dfd72-09ab-11f0-ab24-d843ae175d85|zhnv7dgg@gmail.com|908230912839083
276dfdc3-09ab-11f0-ab24-d843ae175d85|mpghs8j6@example.com|908230912839083
276dfe15-09ab-11f0-ab24-d843ae175d85|bz81a7no@example.com|908230912839083
276dfe5d-09ab-11f0-ab24-d843ae175d85|trwtcwmf@example.com|908230912839083
276dfead-09ab-11f0-ab24-d843ae175d85|coeo62uc@gmail.com|908230912839083
276dfef9-09ab-11f0-ab24-d843ae175d85|74sxqs75@gmail.com|908230912839083
276dff4b-09ab-11f0-ab24-d843ae175d85|oydl695r@outlook.com|908230912839083
276dff9f-09ab-11f0-ab24-d843ae175d85|apf1f8gn@gmail.com|908230912839083
276dfff1-09ab-11f0-ab24-d843ae175d85|4svkaqzn@gmail.com|908230912839083
276e003e-09ab-11f0-ab24-d843ae175d85|5kvx9ypk@outlook.com|908230912839083
276e0092-09ab-11f0-ab24-d843ae175d85|cyzasngb@gmail.com|908230912839083
276e00df-09ab-11f0-ab24-d843ae175d85|f76eccgd@example.com|908230912839083
276e0129-09ab-11f0-ab24-d843ae175d85|lix848rt@gmail.com|908230912839083
276e017e-09ab-11f0-ab24-d843ae175d85|16lwvyo8@outlook.com|908230912839083
276e01d5-09ab-11f0-ab24-d843ae175d85|2ogpgqg7@gmail.com|908230912839083
276e021d-09ab-11f0-ab24-d843ae175d85|co117jsg@example.com|908230912839083
276e0268-09ab-11f0-ab24-d843ae175d85|jgf7kn8h@gmail.com|908230912839083
276e02b5-09ab-11f0-ab24-d843ae175d85|u9mf2cue@outlook.com|908230912839083
276e0303-09ab-11f0-ab24-d843ae175d85|2iekg80s@example.com|908230912839083
276e0347-09ab-11f0-ab24-d843ae175d85|lg1vjs27@example.com|908230912839083
276e03a8-09ab-11f0-ab24-d843ae175d85|9soamauf@gmail.com|908230912839083
276e03fc-09ab-11f0-ab24-d843ae175d85|0ng0l2ml@example.com|908230912839083
276e0459-09ab-11f0-ab24-d843ae175d85|f9ypje61@example.com|908230912839083
276e04a1-09ab-11f0-ab24-d843ae175d85|w8jlm7fp@gmail.com|908230912839083
276e04eb-09ab-11f0-ab24-d843ae175d85|a0unl60b@outlook.com|908230912839083
276e0548-09ab-11f0-ab24-d843ae175d85|ydeuy1uo@example.com|908230912839083
276e0595-09ab-11f0-ab24-d843ae175d85|0e9ls53p@outlook.com|908230912839083
276e05e9-09ab-11f0-ab24-d843ae175d85|6g6z1j1z@gmail.com|908230912839083
276e0647-09ab-11f0-ab24-d843ae175d85|cz9ph6xf@example.com|908230912839083
276e069d-09ab-11f0-ab24-d843ae175d85|y83yqp9g@example.com|908230912839083
276e06f3-09ab-11f0-ab24-d843ae175d85|0ylkdpl9@example.com|908230912839083
276e0743-09ab-11f0-ab24-d843ae175d85|n0w9k7a9@gmail.com|908230912839083
276e0798-09ab-11f0-ab24-d843ae175d85|fowhj3v7@gmail.com|908230912839083
276e07e7-09ab-11f0-ab24-d843ae175d85|ymypbucj@gmail.com|908230912839083
276e0838-09ab-11f0-ab24-d843ae175d85|gsr89vyb@outlook.com|908230912839083
276e087e-09ab-11f0-ab24-d843ae175d85|067y9f1l@outlook.com|908230912839083
276e08d4-09ab-11f0-ab24-d843ae175d85|ptamtl9o@gmail.com|908230912839083
276e095d-09ab-11f0-ab24-d843ae175d85|h620lfhf@example.com|908230912839083
276e09c0-09ab-11f0-ab24-d843ae175d85|5aazt1fo@gmail.com|908230912839083
276e0a12-09ab-11f0-ab24-d843ae175d85|dgz8dpzb@example.com|908230912839083
276e0a66-09ab-11f0-ab24-d843ae175d85|kvnwd693@gmail.com|908230912839083
276e0ac1-09ab-11f0-ab24-d843ae175d85|qiv6bhx5@example.com|908230912839083
276e0b12-09ab-11f0-ab24-d843ae175d85|wu5rizpg@gmail.com|908230912839083
276e0b66-09ab-11f0-ab24-d843ae175d85|hhywosqb@outlook.com|908230912839083
276e0bbf-09ab-11f0-ab24-d843ae175d85|2qhj23cg@gmail.com|908230912839083
276e0c13-09ab-11f0-ab24-d843ae175d85|3e7h3dyt@example.com|908230912839083
276e0c69-09ab-11f0-ab24-d843ae175d85|5fi5psqu@gmail.com|908230912839083
276e0cbb-09ab-11f0-ab24-d843ae175d85|dy7oivdl@example.com|908230912839083
276e0d07-09ab-11f0-ab24-d843ae175d85|5w3ueor3@example.com|908230912839083
276e0d58-09ab-11f0-ab24-d843ae175d85|rua0vv11@outlook.com|908230912839083
276e0da2-09ab-11f0-ab24-d843ae175d85|jzeuiofc@outlook.com|908230912839083
276e0df5-09ab-11f0-ab24-d843ae175d85|o2ik9pck@example.com|908230912839083
276e0e3c-09ab-11f0-ab24-d843ae175d85|zkz145vy@gmail.com|908230912839083
276e0e97-09ab-11f0-ab24-d843ae175d85|dfhj1hmk@gmail.com|908230912839083
276e0ee5-09ab-11f0-ab24-d843ae175d85|wyd8c58v@example.com|908230912839083
276e0f38-09ab-11f0-ab24-d843ae175d85|e26f021s@example.com|908230912839083
276e0f88-09ab-11f0-ab24-d843ae175d85|ndb5afks@example.com|908230912839083
276e0fe7-09ab-11f0-ab24-d843ae175d85|63vjb99u@example.com|908230912839083
276e1035-09ab-11f0-ab24-d843ae175d85|rxbfn7av@gmail.com|908230912839083
276e108d-09ab-11f0-ab24-d843ae175d85|o8i5d9ei@outlook.com|908230912839083
276e10d8-09ab-11f0-ab24-d843ae175d85|0ms3uvnl@example.com|908230912839083
276e1122-09ab-11f0-ab24-d843ae175d85|y36g0514@example.com|908230912839083
276e1175-09ab-11f0-ab24-d843ae175d85|npirqxaw@example.com|908230912839083
276e11c6-09ab-11f0-ab24-d843ae175d85|5jdw8j52@gmail.com|908230912839083
276e120f-09ab-11f0-ab24-d843ae175d85|atnf181h@outlook.com|908230912839083
276e1267-09ab-11f0-ab24-d843ae175d85|be49dvat@example.com|908230912839083
276e12bd-09ab-11f0-ab24-d843ae175d85|qa490z7a@gmail.com|908230912839083
276e1304-09ab-11f0-ab24-d843ae175d85|7q2owxro@example.com|908230912839083
276e135b-09ab-11f0-ab24-d843ae175d85|hgr6qkpu@outlook.com|908230912839083
276e13bf-09ab-11f0-ab24-d843ae175d85|7mhflp4f@example.com|908230912839083
276e140a-09ab-11f0-ab24-d843ae175d85|qpku0um9@example.com|908230912839083
276e145d-09ab-11f0-ab24-d843ae175d85|tot56tbw@example.com|908230912839083
276e14ae-09ab-11f0-ab24-d843ae175d85|byqybinc@outlook.com|908230912839083
276e1500-09ab-11f0-ab24-d843ae175d85|lbatu5ps@gmail.com|908230912839083
276e1568-09ab-11f0-ab24-d843ae175d85|rdep6qmn@example.com|908230912839083
276e15b5-09ab-11f0-ab24-d843ae175d85|3dr6q7ox@outlook.com|908230912839083
276e15fe-09ab-11f0-ab24-d843ae175d85|qjhq2a6r@example.com|908230912839083
276e1654-09ab-11f0-ab24-d843ae175d85|avhobgfh@example.com|908230912839083
276e16a0-09ab-11f0-ab24-d843ae175d85|2wmitlft@outlook.com|908230912839083
276e16f0-09ab-11f0-ab24-d843ae175d85|58j142sf@gmail.com|908230912839083
276e1742-09ab-11f0-ab24-d843ae175d85|z0k3yk6i@example.com|908230912839083
276e1792-09ab-11f0-ab24-d843ae175d85|3v3sd01u@gmail.com|908230912839083
276e17e9-09ab-11f0-ab24-d843ae175d85|go0j2y6o@outlook.com|908230912839083
276e183a-09ab-11f0-ab24-d843ae175d85|8adhiv1j@example.com|908230912839083
276e1885-09ab-11f0-ab24-d843ae175d85|1c5dncsy@gmail.com|908230912839083
276e18d6-09ab-11f0-ab24-d843ae175d85|pqm03nm2@outlook.com|908230912839083
276e1929-09ab-11f0-ab24-d843ae175d85|b2goc669@example.com|908230912839083
276e1986-09ab-11f0-ab24-d843ae175d85|823tkt1i@example.com|908230912839083
276e19db-09ab-11f0-ab24-d843ae175d85|ng2q8orb@gmail.com|908230912839083
276e1a2c-09ab-11f0-ab24-d843ae175d85|8vtzkxzu@gmail.com|908230912839083
276e1a74-09ab-11f0-ab24-d843ae175d85|ib625wh8@example.com|908230912839083
276e1abf-09ab-11f0-ab24-d843ae175d85|r05f7p0j@example.com|908230912839083
276e1b0c-09ab-11f0-ab24-d843ae175d85|tu55rtxx@example.com|908230912839083
276e1b6c-09ab-11f0-ab24-d843ae175d85|uwkqiij7@example.com|908230912839083
276e1bba-09ab-11f0-ab24-d843ae175d85|vfnj3lv1@outlook.com|908230912839083
276e1c10-09ab-11f0-ab24-d843ae175d85|dx2dbjfp@outlook.com|908230912839083
276e1c66-09ab-11f0-ab24-d843ae175d85|ykq3k9vb@example.com|908230912839083
276e1cbc-09ab-11f0-ab24-d843ae175d85|qt3scwa1@gmail.com|908230912839083
276e1d19-09ab-11f0-ab24-d843ae175d85|8ixedmr2@example.com|908230912839083
276e1d7e-09ab-11f0-ab24-d843ae175d85|rx7mihvs@example.com|908230912839083
276e1dd6-09ab-11f0-ab24-d843ae175d85|rs3zdqfh@outlook.com|908230912839083
276e1e25-09ab-11f0-ab24-d843ae175d85|h4p195nl@example.com|908230912839083
276e1e74-09ab-11f0-ab24-d843ae175d85|ups77ue0@gmail.com|908230912839083
276e1ec6-09ab-11f0-ab24-d843ae175d85|87hdu12x@gmail.com|908230912839083
276e1f0e-09ab-11f0-ab24-d843ae175d85|xjzn6561@outlook.com|908230912839083
276e1f64-09ab-11f0-ab24-d843ae175d85|wo3mn6k4@example.com|908230912839083
276e1fb5-09ab-11f0-ab24-d843ae175d85|w36rvto2@gmail.com|908230912839083
276e2007-09ab-11f0-ab24-d843ae175d85|stoyj8gf@outlook.com|908230912839083
276e204c-09ab-11f0-ab24-d843ae175d85|jn4g2d7n@outlook.com|908230912839083
276e209d-09ab-11f0-ab24-d843ae175d85|y7u89zvv@outlook.com|908230912839083
276e20ed-09ab-11f0-ab24-d843ae175d85|djd0rkul@outlook.com|908230912839083
276e2148-09ab-11f0-ab24-d843ae175d85|1cqdmh74@outlook.com|908230912839083
276e21ab-09ab-11f0-ab24-d843ae175d85|h6mw2402@gmail.com|908230912839083
276e221f-09ab-11f0-ab24-d843ae175d85|6ojsubye@example.com|908230912839083
276e228f-09ab-11f0-ab24-d843ae175d85|sexwdoyw@gmail.com|908230912839083
276e22df-09ab-11f0-ab24-d843ae175d85|95psihmt@outlook.com|908230912839083
276e2335-09ab-11f0-ab24-d843ae175d85|9bifq02i@example.com|908230912839083
276e237e-09ab-11f0-ab24-d843ae175d85|iqquzcbe@gmail.com|908230912839083
276e23c8-09ab-11f0-ab24-d843ae175d85|5m48tdzm@gmail.com|908230912839083
276e2413-09ab-11f0-ab24-d843ae175d85|cq7ngjze@outlook.com|908230912839083
276e245f-09ab-11f0-ab24-d843ae175d85|4k59ehcm@outlook.com|908230912839083
276e24b6-09ab-11f0-ab24-d843ae175d85|lgcu8ukw@example.com|908230912839083
276e2506-09ab-11f0-ab24-d843ae175d85|qzulkg6x@outlook.com|908230912839083
276e2558-09ab-11f0-ab24-d843ae175d85|0mf6bxbd@gmail.com|908230912839083
276e25ab-09ab-11f0-ab24-d843ae175d85|1a9hhcw0@outlook.com|908230912839083
276e25f2-09ab-11f0-ab24-d843ae175d85|3xkb1ksy@example.com|908230912839083
276e2648-09ab-11f0-ab24-d843ae175d85|792c425b@example.com|908230912839083
276e269d-09ab-11f0-ab24-d843ae175d85|i5ki2jax@gmail.com|908230912839083
276e26e9-09ab-11f0-ab24-d843ae175d85|oyg7x1yb@outlook.com|908230912839083
276e2739-09ab-11f0-ab24-d843ae175d85|ehtgi0um@outlook.com|908230912839083
276e2783-09ab-11f0-ab24-d843ae175d85|59tivc7o@example.com|908230912839083
276e27d5-09ab-11f0-ab24-d843ae175d85|rl4m38uo@outlook.com|908230912839083
276e2820-09ab-11f0-ab24-d843ae175d85|6lr2f43d@outlook.com|908230912839083
276e2867-09ab-11f0-ab24-d843ae175d85|7bjubmk5@gmail.com|908230912839083
276e28b8-09ab-11f0-ab24-d843ae175d85|a4dbm4d9@example.com|908230912839083
276e2910-09ab-11f0-ab24-d843ae175d85|lv854m56@outlook.com|908230912839083
276e2962-09ab-11f0-ab24-d843ae175d85|29y84yt3@example.com|908230912839083
276e29a6-09ab-11f0-ab24-d843ae175d85|d16kbxkp@example.com|908230912839083
276e29f4-09ab-11f0-ab24-d843ae175d85|tsxlv5j4@gmail.com|908230912839083
276e2a47-09ab-11f0-ab24-d843ae175d85|du92z11l@outlook.com|908230912839083
276e2a9d-09ab-11f0-ab24-d843ae175d85|9orbuohb@outlook.com|908230912839083
276e2aef-09ab-11f0-ab24-d843ae175d85|mslzxm47@gmail.com|908230912839083
276e2b37-09ab-11f0-ab24-d843ae175d85|grgse4a5@example.com|908230912839083
276e2b90-09ab-11f0-ab24-d843ae175d85|pvyv51gh@example.com|908230912839083
276e2be5-09ab-11f0-ab24-d843ae175d85|d557tawi@outlook.com|908230912839083
276e2c37-09ab-11f0-ab24-d843ae175d85|3yw7vw82@outlook.com|908230912839083
276e2c83-09ab-11f0-ab24-d843ae175d85|dluqvt1h@gmail.com|908230912839083
276e2cde-09ab-11f0-ab24-d843ae175d85|8og9llsw@gmail.com|908230912839083
276e2d32-09ab-11f0-ab24-d843ae175d85|36g1v5oi@gmail.com|908230912839083
276e2d8d-09ab-11f0-ab24-d843ae175d85|g4wmytk8@example.com|908230912839083
276e2ddc-09ab-11f0-ab24-d843ae175d85|jqqhjvqn@outlook.com|908230912839083
276e2e2a-09ab-11f0-ab24-d843ae175d85|6znn0h4b@gmail.com|908230912839083
276e2e7c-09ab-11f0-ab24-d843ae175d85|wwlt4h45@outlook.com|908230912839083
276e2ec6-09ab-11f0-ab24-d843ae175d85|k34m7kfe@gmail.com|908230912839083
276e2f12-09ab-11f0-ab24-d843ae175d85|fv084m29@example.com|908230912839083
276e2f5d-09ab-11f0-ab24-d843ae175d85|j7vdd6au@outlook.com|908230912839083
276e2fad-09ab-11f0-ab24-d843ae175d85|as8bnodh@example.com|908230912839083
276e2ff9-09ab-11f0-ab24-d843ae175d85|qcownl6o@gmail.com|908230912839083
276e3044-09ab-11f0-ab24-d843ae175d85|1bn7nl1w@gmail.com|908230912839083
276e3095-09ab-11f0-ab24-d843ae175d85|hw50otke@gmail.com|908230912839083
276e30ea-09ab-11f0-ab24-d843ae175d85|vo2605i7@gmail.com|908230912839083
276e3143-09ab-11f0-ab24-d843ae175d85|21nl0nj5@gmail.com|908230912839083
276e318f-09ab-11f0-ab24-d843ae175d85|lhfmd8o7@example.com|908230912839083
276e31e3-09ab-11f0-ab24-d843ae175d85|aadv2e85@example.com|908230912839083
276e322b-09ab-11f0-ab24-d843ae175d85|foood3dk@example.com|908230912839083
276e3279-09ab-11f0-ab24-d843ae175d85|4rjhkmrm@example.com|908230912839083
276e32cb-09ab-11f0-ab24-d843ae175d85|2n0ofe0k@example.com|908230912839083
276e3321-09ab-11f0-ab24-d843ae175d85|om8r8rj1@outlook.com|908230912839083
276e3374-09ab-11f0-ab24-d843ae175d85|5edwklsk@example.com|908230912839083
276e33c8-09ab-11f0-ab24-d843ae175d85|99nv0xnd@example.com|908230912839083
276e340c-09ab-11f0-ab24-d843ae175d85|iisl7ehb@example.com|908230912839083
276e345a-09ab-11f0-ab24-d843ae175d85|ui7194we@gmail.com|908230912839083
276e34a1-09ab-11f0-ab24-d843ae175d85|w2np4n6v@outlook.com|908230912839083
276e34f0-09ab-11f0-ab24-d843ae175d85|5glsyhdt@example.com|908230912839083
276e353b-09ab-11f0-ab24-d843ae175d85|dj3e27nk@example.com|908230912839083
276e35a2-09ab-11f0-ab24-d843ae175d85|fcyaavgn@outlook.com|908230912839083
276e35f3-09ab-11f0-ab24-d843ae175d85|01dwr4eh@gmail.com|908230912839083
276e3641-09ab-11f0-ab24-d843ae175d85|6ebynowd@example.com|908230912839083
276e369d-09ab-11f0-ab24-d843ae175d85|c79l2faq@example.com|908230912839083
276e36f5-09ab-11f0-ab24-d843ae175d85|2awbbs5r@gmail.com|908230912839083
276e3741-09ab-11f0-ab24-d843ae175d85|vs12mcvh@outlook.com|908230912839083
276e378d-09ab-11f0-ab24-d843ae175d85|lz16hacr@example.com|908230912839083
276e37db-09ab-11f0-ab24-d843ae175d85|u5tns72h@gmail.com|908230912839083
276e382b-09ab-11f0-ab24-d843ae175d85|non955zi@example.com|908230912839083
276e387e-09ab-11f0-ab24-d843ae175d85|ube0lkjm@example.com|908230912839083
276e38cb-09ab-11f0-ab24-d843ae175d85|2gjio3ya@gmail.com|908230912839083
276e3919-09ab-11f0-ab24-d843ae175d85|vjuzuuu5@outlook.com|908230912839083
276e3963-09ab-11f0-ab24-d843ae175d85|6i6y3wkk@example.com|908230912839083
276e39af-09ab-11f0-ab24-d843ae175d85|ejlmbvkq@example.com|908230912839083
276e3a0b-09ab-11f0-ab24-d843ae175d85|wcvaofrx@outlook.com|908230912839083
276e3a5f-09ab-11f0-ab24-d843ae175d85|0c6jqt6k@example.com|908230912839083
276e3acf-09ab-11f0-ab24-d843ae175d85|ruva3y7o@example.com|908230912839083
276e3afe-09ab-11f0-ab24-d843ae175d85|lrzgr3hj@gmail.com|908230912839083
276e3b49-09ab-11f0-ab24-d843ae175d85|0ph6vi36@example.com|908230912839083
276e3b93-09ab-11f0-ab24-d843ae175d85|l0lgv5oh@example.com|908230912839083
276e3be3-09ab-11f0-ab24-d843ae175d85|tw1k330d@outlook.com|908230912839083
276e3c3e-09ab-11f0-ab24-d843ae175d85|11e3fsxm@outlook.com|908230912839083
276e3c88-09ab-11f0-ab24-d843ae175d85|3wqjy2xo@gmail.com|908230912839083
276e3cd1-09ab-11f0-ab24-d843ae175d85|foy3okur@gmail.com|908230912839083
276e3d26-09ab-11f0-ab24-d843ae175d85|h7r47mm1@outlook.com|908230912839083
276e3d8c-09ab-11f0-ab24-d843ae175d85|pw2yegc9@outlook.com|908230912839083
276e3dd3-09ab-11f0-ab24-d843ae175d85|xjmy5mz7@example.com|908230912839083
276e3e30-09ab-11f0-ab24-d843ae175d85|17lq9v33@example.com|908230912839083
276e3e8a-09ab-11f0-ab24-d843ae175d85|qi92utnq@outlook.com|908230912839083
276e3ef3-09ab-11f0-ab24-d843ae175d85|0rtxgkxt@gmail.com|908230912839083
276e3f41-09ab-11f0-ab24-d843ae175d85|w5nizbe2@example.com|908230912839083
276e3f9b-09ab-11f0-ab24-d843ae175d85|olr49iqn@gmail.com|908230912839083
276e3fe7-09ab-11f0-ab24-d843ae175d85|9n51g0x4@outlook.com|908230912839083
276e402e-09ab-11f0-ab24-d843ae175d85|cevnw3mt@gmail.com|908230912839083
276e4081-09ab-11f0-ab24-d843ae175d85|sljydil9@gmail.com|908230912839083
276e40d9-09ab-11f0-ab24-d843ae175d85|rk53mhz6@gmail.com|908230912839083
276e4140-09ab-11f0-ab24-d843ae175d85|1rl2c3wv@gmail.com|908230912839083
276e4186-09ab-11f0-ab24-d843ae175d85|coaafug5@outlook.com|908230912839083
276e41df-09ab-11f0-ab24-d843ae175d85|pqb15iu3@gmail.com|908230912839083
276e4220-09ab-11f0-ab24-d843ae175d85|uqitjvsr@gmail.com|908230912839083
276e426d-09ab-11f0-ab24-d843ae175d85|65sx0vbv@gmail.com|908230912839083
276e42bb-09ab-11f0-ab24-d843ae175d85|p3y2trne@example.com|908230912839083
276e4304-09ab-11f0-ab24-d843ae175d85|6e4oetno@example.com|908230912839083
276e435a-09ab-11f0-ab24-d843ae175d85|pvvrml0b@gmail.com|908230912839083
276e43a5-09ab-11f0-ab24-d843ae175d85|xsy3sty0@gmail.com|908230912839083
276e43f8-09ab-11f0-ab24-d843ae175d85|ih37atjk@gmail.com|908230912839083
276e4452-09ab-11f0-ab24-d843ae175d85|ao64r4rk@gmail.com|908230912839083
276e44ae-09ab-11f0-ab24-d843ae175d85|cbudc9lt@outlook.com|908230912839083
276e4502-09ab-11f0-ab24-d843ae175d85|ra6xt0d9@example.com|908230912839083
276e455b-09ab-11f0-ab24-d843ae175d85|e82nyv1m@example.com|908230912839083
276e45a3-09ab-11f0-ab24-d843ae175d85|drj5hs48@outlook.com|908230912839083
276e45f3-09ab-11f0-ab24-d843ae175d85|0biz0r2x@gmail.com|908230912839083
276e4646-09ab-11f0-ab24-d843ae175d85|8f6ai2q4@example.com|908230912839083
276e469d-09ab-11f0-ab24-d843ae175d85|2v3ohazf@gmail.com|908230912839083
276e46ec-09ab-11f0-ab24-d843ae175d85|yrv3bp9d@outlook.com|908230912839083
276e4736-09ab-11f0-ab24-d843ae175d85|yo2688iu@outlook.com|908230912839083
276e4792-09ab-11f0-ab24-d843ae175d85|7822zl5f@outlook.com|908230912839083
276e47f6-09ab-11f0-ab24-d843ae175d85|gymsq761@example.com|908230912839083
276e484f-09ab-11f0-ab24-d843ae175d85|fvk6h68y@gmail.com|908230912839083
276e48cd-09ab-11f0-ab24-d843ae175d85|cbaa5onm@gmail.com|908230912839083
276e4915-09ab-11f0-ab24-d843ae175d85|uapqarvy@example.com|908230912839083
276e495b-09ab-11f0-ab24-d843ae175d85|oraa5eyu@outlook.com|908230912839083
276e49b5-09ab-11f0-ab24-d843ae175d85|490zlldi@outlook.com|908230912839083
276e4a12-09ab-11f0-ab24-d843ae175d85|bjqz5q0d@outlook.com|908230912839083
276e4a78-09ab-11f0-ab24-d843ae175d85|hzdhg056@outlook.com|908230912839083
276e4ad2-09ab-11f0-ab24-d843ae175d85|1wj476jf@gmail.com|908230912839083
276e4b2f-09ab-11f0-ab24-d843ae175d85|8y9zkcmw@gmail.com|908230912839083
276e4b94-09ab-11f0-ab24-d843ae175d85|qabdw3ps@gmail.com|908230912839083
276e4be9-09ab-11f0-ab24-d843ae175d85|lmnuab25@outlook.com|908230912839083
276e4c3e-09ab-11f0-ab24-d843ae175d85|f23fglyi@example.com|908230912839083
276e4c9e-09ab-11f0-ab24-d843ae175d85|6msntf2f@gmail.com|908230912839083
276e4cfa-09ab-11f0-ab24-d843ae175d85|yy9aoycq@example.com|908230912839083
276e4d57-09ab-11f0-ab24-d843ae175d85|t8ktc3vr@outlook.com|908230912839083
276e4db0-09ab-11f0-ab24-d843ae175d85|kn3q2m5a@example.com|908230912839083
276e4e14-09ab-11f0-ab24-d843ae175d85|dtywn8jf@gmail.com|908230912839083
276e4e71-09ab-11f0-ab24-d843ae175d85|my20ltn7@gmail.com|908230912839083
276e4ed0-09ab-11f0-ab24-d843ae175d85|pncl2vzp@example.com|908230912839083
276e4f27-09ab-11f0-ab24-d843ae175d85|56opdh39@gmail.com|908230912839083
276e4f8b-09ab-11f0-ab24-d843ae175d85|gcaafso9@outlook.com|908230912839083
276e4fe9-09ab-11f0-ab24-d843ae175d85|81abw68n@gmail.com|908230912839083
276e5040-09ab-11f0-ab24-d843ae175d85|7zgrtf3t@example.com|908230912839083
276e50a0-09ab-11f0-ab24-d843ae175d85|uxtj7uqr@example.com|908230912839083
